时间,P1测点,P2 测点,P3 测点,P4 测点
0.0001,109794.391,109437.547,122248.102,133262.25
0.0002,109962.273,109485.133,122534.617,133594.828
0.0003,110114.18,109517.461,122976.883,133943.188
0.0004,110241.648,109530.297,123456.703,134281.234
0.0005,110347.102,109526.703,123837.563,134597.422
0.0006,110465.477,109544.172,124110.5,134902.516
0.0007,110566.172,109555.961,124313.258,135119.797
0.0008,110638.672,109555.789,124545.898,135189.609
0.0009,110694.078,109565.063,124881.0,135061.109
0.001,110709.367,109568.383,125255.656,134652.516
0.0011,110644.023,109532.469,125534.883,133969.0
0.0012,110516.258,109485.977,125687.313,133203.313
0.0013,110360.672,109474.438,125740.789,132580.406
0.0014,110159.852,109482.672,125753.156,132192.266
0.0015,109899.469,109481.469,125651.859,132006.094
0.0016,109576.789,109448.172,125489.242,131951.594
0.0017,109266.602,109445.781,125296.82,132044.953
0.0018,108962.063,109439.383,124967.867,132214.891
0.0019,108701.023,109453.828,124435.344,132476.047
0.002,108491.633,109465.391,123703.852,132804.172
0.0021,108343.773,109473.203,123011.422,133189.5
0.0022,108258.617,109476.047,122751.102,133605.016
0.0023,108208.852,109455.172,122992.852,133988.438
0.0024,108233.75,109469.242,123406.211,134365.188
0.0025,108261.313,109444.711,123515.656,134681.313
0.0026,108287.742,109393.703,123342.313,134927.422
0.0027,108375.898,109369.563,123242.25,135099.375
0.0028,108467.258,109315.867,123227.352,135094.297
0.0029,108542.391,109232.281,123293.477,134878.688
0.003,108664.008,109182.156,123460.258,134527.469
0.0031,108785.938,109123.563,123632.148,134072.063
0.0032,108920.438,109071.617,123817.531,133622.906
0.0033,109070.633,109035.492,123962.594,133260.203
0.0034,109234.461,109004.969,124037.961,133030.609
0.0035,109432.07,109008.227,124076.398,132964.25
0.0036,109592.852,108979.078,124039.094,132973.75
0.0037,109750.297,108953.922,123997.891,133063.406
0.0038,109908.0,108935.477,123982.281,133209.703
0.0039,110068.07,108925.297,124017.094,133393.297
0.004,110226.563,108918.969,124085.008,133589.078
0.0041,110366.781,108892.594,124169.508,133808.438
0.0042,110465.852,108832.469,124246.281,134047.578
0.0043,110538.352,108750.641,124309.938,134296.438
0.0044,110642.023,108730.133,124422.25,134592.797
0.0045,110679.961,108663.938,124479.43,134800.672
0.0046,110660.398,108570.43,124528.289,134949.891
0.0047,110589.602,108474.43,124602.031,135055.156
0.0048,110506.648,108417.492,124713.18,135125.984
0.0049,110367.039,108357.32,124803.852,135056.281
0.005,110137.898,108286.203,124830.633,134754.453
0.0051,109866.203,108235.172,124836.422,134256.469
0.0052,109586.297,108223.992,124790.727,133688.641
0.0053,109262.438,108198.82,124575.391,133150.938
0.0054,108944.492,108198.859,124147.578,132777.938
0.0055,108699.922,108275.227,123383.852,132610.063
0.0056,108524.727,108358.844,122216.242,132572.672
0.0057,108340.117,108379.508,120835.398,132555.438
0.0058,108211.531,108395.547,119956.094,132605.438
0.0059,108205.398,108491.688,119880.898,132787.859
0.006,108210.344,108560.844,120055.969,132982.109
0.0061,108236.57,108637.906,120324.43,133206.734
0.0062,108257.563,108666.5,120185.797,133409.938
0.0063,108338.242,108724.539,119766.32,133649.016
0.0064,108462.297,108799.008,119662.703,133923.422
0.0065,108550.07,108817.047,120054.742,134169.75
0.0066,108659.891,108826.859,120649.727,134383.438
0.0067,108805.547,108847.188,121166.258,134480.938
0.0068,108925.117,108832.438,121514.406,134393.297
0.0069,109085.5,108845.93,121775.898,134176.078
0.007,109233.297,108829.008,121864.82,133733.266
0.0071,109403.313,108832.273,121791.391,133161.172
0.0072,109569.602,108833.57,121527.828,132552.766
0.0073,109703.781,108776.398,121060.852,131993.047
0.0074,109878.344,108788.07,120571.219,131651.453
0.0075,110064.313,108791.461,120123.727,131513.375
0.00759999999999999,110258.273,108821.813,119832.047,131561.281
0.0077,110372.672,108774.25,119788.148,131663.891
0.00779999999999999,110455.102,108712.656,120085.68,131847.156
0.00789999999999999,110525.719,108679.492,120626.742,132102.578
0.00799999999999999,110598.813,108671.031,121285.227,132414.797
0.00809999999999999,110669.102,108687.688,121339.477,132760.906
0.0082,110645.813,108647.977,120972.047,133051.516
0.00829999999999999,110576.039,108603.43,120979.648,133344.281
0.0084,110489.656,108604.672,121864.977,133668.938
0.0085,110312.781,108555.328,122247.438,133904.109
0.0086,110099.742,108521.82,121888.039,134089.469
0.0087,109832.023,108481.594,121842.141,134152.641
0.0088,109504.773,108410.5,122607.938,134030.75
0.0089,109195.57,108366.727,123603.648,133736.047
0.009,108895.844,108329.547,124051.313,133209.047
0.0091,108649.68,108310.367,124054.867,132519.797
0.0092,108415.383,108245.148,123830.867,131720.953
0.0093,108292.656,108247.57,123704.594,131089.047
0.0094,108225.477,108239.219,123550.047,130650.922
0.0095,108188.5,108208.922,123264.688,130403.93
0.0096,108198.688,108216.391,122981.039,130364.539
0.0097,108235.43,108226.102,122840.063,130475.117
0.0098,108287.398,108216.289,122904.422,130679.531
0.0099,108324.188,108182.352,123090.141,130931.367
0.01,108411.57,108191.906,123314.102,131269.422
0.0101,108548.039,108230.609,123458.398,131667.063
0.0102,108645.883,108220.609,123435.391,132036.453
0.0103,108740.203,108188.789,123328.477,132418.703
0.0104,108885.492,108185.383,123201.969,132861.109
0.0105,109033.867,108176.75,122992.078,133292.656
0.0106,109205.258,108157.648,122725.203,133682.875
0.0107,109378.789,108113.18,122370.797,133958.625
0.0108,109561.508,108075.922,122017.547,134071.656
0.0109,109699.281,107977.703,121538.398,133880.828
0.011,109866.539,107921.461,121009.672,133433.641
0.0111,110044.102,107884.219,120534.531,132761.719
0.0112,110200.977,107822.211,120428.523,131989.844
0.0113,110334.359,107760.727,121042.398,131326.578
0.0114,110443.609,107710.547,122400.352,130892.398
0.0115,110515.359,107646.469,124031.906,130696.031
0.0116,110566.406,107622.477,125560.906,130722.602
0.0117,110598.0,107630.859,126761.898,130924.313
0.0118,110592.617,107653.453,127447.617,131244.438
0.0119,110529.406,107660.5,127546.133,131624.688
0.012,110387.422,107644.789,127187.32,132002.813
0.0121,110225.867,107677.031,126701.719,132414.734
0.0122,110023.594,107705.313,126201.609,132828.375
0.0123,109758.688,107701.141,125723.258,133211.0
0.0124,109403.531,107620.211,125274.281,133518.516
0.0125,109081.859,107599.313,124951.102,133850.734
0.0126,108836.281,107646.578,124805.211,134181.0
0.0127,108547.719,107603.828,124779.641,134316.469
0.0128,108328.633,107576.211,124902.711,134296.703
0.0129,108166.422,107536.461,124765.383,134052.094
0.013,108076.594,107515.977,124219.023,133568.391
0.0131,108036.992,107495.789,123657.844,132870.438
0.0132,108056.258,107513.203,123566.211,132122.938
0.0133,108106.398,107550.156,123830.992,131461.656
0.0134,108169.367,107578.32,124086.172,130988.289
0.0135,108197.57,107560.977,124154.242,130695.477
0.0136,108291.156,107624.641,124142.82,130680.008
0.0137,108408.469,107708.281,123934.258,130852.133
0.0138,108553.242,107824.813,123551.961,131177.156
0.0139,108652.063,107877.594,123150.109,131518.609
0.014,108765.406,107938.898,122972.352,131912.984
0.0141,108912.617,108039.758,123121.211,132355.063
0.0142,109060.047,108114.953,123364.063,132788.438
0.0143,109250.75,108216.0,123606.523,133259.219
0.0144,109429.047,108282.938,123819.063,133688.297
0.0145,109613.422,108349.609,123891.156,134072.219
0.0146,109779.57,108384.852,123871.711,134370.016
0.0147,109955.719,108419.773,123894.563,134592.375
0.0148,110123.852,108447.367,124027.063,134679.734
0.0149,110249.383,108428.672,124265.289,134555.578
0.015,110363.75,108429.867,124484.719,134207.016
0.0151,110435.531,108418.703,124536.172,133611.359
0.0152,110479.352,108405.82,124250.281,132904.453
0.0153,110525.797,108427.391,123703.117,132285.766
0.0154,110514.938,108442.0,123013.5,131820.203
0.0155,110457.672,108454.438,122236.539,131586.094
0.0156,110348.344,108457.18,121650.992,131554.781
0.0157,110193.5,108468.141,121631.117,131691.125
0.0158,109952.531,108452.953,121680.641,131913.609
0.0159,109682.539,108464.406,120998.156,132238.75
0.016,109382.32,108478.047,119656.813,132620.688
0.0161,109074.539,108508.031,118917.031,133052.203
0.0162,108748.969,108512.953,119391.172,133486.297
0.0163,108471.344,108541.992,120622.203,133969.625
0.0164,108267.922,108594.977,122015.711,134495.359
0.0165,108117.781,108632.773,123014.75,134994.0
0.0166,108019.906,108660.477,123296.531,135368.609
0.0167,107994.93,108706.719,123241.906,135573.141
0.0168,107990.281,108728.883,123352.922,135519.266
0.0169,107986.328,108713.156,123852.258,135199.125
0.017,108043.391,108738.844,124414.617,134731.719
0.0171,108134.406,108784.719,124789.25,134176.266
0.0172,108217.688,108802.844,124820.883,133599.156
0.0173,108317.383,108824.359,124535.633,133120.719
0.0174,108441.578,108864.141,124086.531,132794.797
0.0175,108580.039,108912.898,123743.102,132599.594
0.0176,108714.727,108950.422,123702.703,132520.375
0.0177,108833.703,108962.898,123869.672,132539.719
0.0178,108993.453,109016.359,124055.594,132693.203
0.0179,109193.313,109110.328,124093.977,132940.156
0.018,109387.641,109197.031,123961.406,133223.859
0.0181,109550.367,109246.789,123705.469,133508.766
0.0182,109723.563,109308.117,123400.453,133828.734
0.0183,109879.594,109350.93,123031.07,134131.094
0.0184,110009.438,109371.781,122611.367,134386.703
0.0185,110115.398,109373.133,122222.281,134620.266
0.0186,110232.391,109392.367,122036.188,134908.922
0.0187,110330.367,109405.281,122139.672,135193.172
0.0188,110400.109,109405.258,122550.719,135349.641
0.0189,110453.398,109412.547,123179.0,135255.797
0.019,110467.508,109412.672,123810.828,134813.734
0.0191,110401.711,109371.68,124306.391,134063.063
0.0192,110274.719,109316.773,124615.594,133222.359
0.0193,110120.32,109295.922,124710.039,132532.75
0.0194,109920.703,109296.047,124599.469,132089.953
0.0195,109661.141,109286.32,124328.922,131869.688
0.0196,109337.352,109245.141,123929.891,131807.406
0.0197,109022.719,109237.25,123489.633,131888.453
0.0198,108710.0,109225.422,122981.977,132026.703
0.0199,108437.641,109233.859,122572.008,132222.688
0.02,108215.023,109239.867,122352.867,132455.344
0.0201,108053.359,109241.242,122312.43,132738.656
0.0202,107955.523,109237.531,122401.453,133102.234
0.0203,107896.063,109210.891,122531.602,133518.906
0.0204,107915.359,109220.852,122698.188,133988.797
0.0205,107941.219,109194.344,122814.258,134369.859
0.0206,107969.32,109144.219,122878.641,134626.516
0.0207,108061.828,109123.727,122947.242,134780.594
0.0208,108159.203,109072.867,122985.0,134768.719
0.0209,108240.359,108988.633,122986.203,134584.531
0.021,108366.563,108936.656,123020.422,134281.125
0.0211,108491.242,108874.609,123053.68,133841.516
0.0212,108626.719,108819.961,123117.367,133377.875
0.0213,108778.602,108783.828,123232.969,133002.266
0.0214,108946.32,108754.211,123378.141,132766.313
0.0215,109150.938,108757.938,123561.391,132688.328
0.0216,109321.391,108729.602,123675.813,132654.594
0.0217,109490.313,108703.711,123758.789,132677.953
0.0218,109659.391,108683.844,123773.578,132759.266
0.0219,109829.969,108673.727,123709.469,132913.953
0.022,109997.594,108668.469,123544.172,133091.984
0.0221,110145.352,108644.453,123251.188,133288.703
0.0222,110250.633,108588.797,122784.477,133498.406
0.0223,110328.063,108513.508,122144.359,133712.406
0.0224,110435.047,108500.25,121475.039,133969.938
0.0225,110473.641,108440.18,120829.063,134144.688
0.0226,110451.031,108348.633,120304.211,134279.453
0.0227,110373.383,108251.07,120207.156,134373.594
0.0228,110279.258,108190.656,120789.031,134426.344
0.0229,110124.281,108125.258,122130.703,134328.844
0.023,109877.523,108046.539,123491.719,134001.844
0.0231,109588.227,107987.609,123972.094,133505.188
0.0232,109292.469,107967.953,123668.68,132969.234
0.0233,108954.078,107935.539,123082.727,132488.969
0.0234,108622.773,107929.938,122967.289,132185.266
0.0235,108365.391,108006.344,123566.844,132081.656
0.0236,108177.609,108093.133,124355.07,132074.875
0.0237,107981.359,108110.648,124790.992,132033.797
0.0238,107842.906,108126.211,124835.531,132018.875
0.0239,107830.172,108222.023,124698.711,132114.734
0.024,107833.008,108291.523,124396.43,132230.203
0.0241,107861.703,108370.141,124090.953,132398.484
0.0242,107888.477,108403.703,123808.258,132584.359
0.0243,107976.242,108465.781,123590.531,132847.813
0.0244,108106.992,108543.109,123388.133,133171.906
0.0245,108199.992,108565.102,123133.969,133453.641
0.0246,108313.203,108580.352,122897.242,133702.188
0.0247,108461.391,108606.109,122749.813,133884.438
0.0248,108582.906,108595.133,122737.828,133894.125
0.0249,108746.0,108609.57,122944.273,133740.078
0.025,108897.477,108591.82,123265.633,133311.266
0.0251,109071.961,108593.75,123650.422,132710.891
0.0252,109243.938,108594.148,123994.289,132070.547
0.0253,109384.453,108537.102,124132.953,131529.469
0.0254,109565.328,108550.961,124135.969,131273.656
0.0255,109756.977,108558.844,123999.063,131258.75
0.0256,109955.594,108595.609,123781.352,131432.578
0.0257,110073.094,108555.844,123443.547,131643.422
0.0258,110157.508,108502.227,123126.867,131910.813
0.0259,110230.258,108475.898,122914.406,132230.172
0.026,110306.258,108472.461,122848.797,132586.266
0.0261,110379.992,108492.992,122938.891,132952.688
0.0262,110360.094,108456.203,123097.797,133231.516
0.0263,110293.438,108413.523,123310.18,133475.469
0.0264,110209.359,108415.258,123516.617,133728.109
0.0265,110033.313,108364.82,123512.578,133883.688
0.0266,109819.0,108329.219,123300.508,133999.109
0.0266999999999999,109547.422,108286.82,122843.633,134011.203
0.0267999999999999,109214.031,108214.102,122209.43,133867.234
0.0268999999999999,108895.273,108169.742,121591.898,133569.375
0.0269999999999999,108581.82,108133.57,121133.977,133061.313
0.0270999999999999,108318.242,108117.398,120936.133,132410.469
0.0271999999999999,108062.977,108057.297,120974.289,131656.656
0.0272999999999999,107917.406,108066.711,121260.281,131065.078
0.0273999999999999,107827.953,108067.258,121560.273,130656.633
0.0274999999999999,107772.43,108046.938,121916.313,130436.258
0.0275999999999999,107769.938,108062.742,122306.773,130433.094
0.0276999999999999,107800.688,108079.0,122425.461,130590.594
0.0277999999999999,107852.781,108075.32,121949.758,130827.469
0.0278999999999999,107893.891,108047.672,120820.938,131080.563
0.0279999999999999,107988.391,108064.008,119580.063,131386.188
0.0280999999999999,108133.297,108109.492,118941.977,131723.203
0.0281999999999999,108239.539,108105.656,119410.719,132004.188
0.0282999999999999,108341.594,108079.133,120975.383,132283.234
0.0283999999999999,108493.453,108079.711,122826.992,132631.375
0.0284999999999999,108648.102,108074.477,124070.398,132993.344
0.0285999999999999,108825.313,108058.938,124537.609,133364.375
0.0286999999999999,109004.273,108019.641,124302.727,133681.266
0.0287999999999999,109191.727,107990.719,123956.539,133892.953
0.0288999999999999,109333.352,107903.781,123771.953,133836.625
0.0289999999999999,109503.609,107859.648,123779.75,133505.016
0.0290999999999999,109684.531,107833.688,123675.602,132895.344
0.0291999999999999,109846.367,107780.883,123380.461,132144.719
0.0292999999999999,109987.508,107725.977,123683.102,131496.594
0.0293999999999999,110107.727,107679.969,124330.547,131079.766
0.0294999999999999,110193.82,107618.203,124568.094,130892.922
0.0295999999999999,110262.422,107594.93,124285.102,130919.211
0.0296999999999999,110313.844,107603.148,123685.109,131096.516
0.0297999999999999,110329.281,107626.211,123238.633,131352.234
0.0298999999999999,110285.852,107634.508,123082.867,131629.203
0.0299999999999999,110159.75,107621.031,123093.758,131886.891
0.0300999999999999,110009.008,107655.906,123200.953,132196.266
0.0301999999999999,109812.859,107686.969,123183.008,132536.563
0.0302999999999999,109550.258,107686.461,123093.281,132875.797
0.0303999999999999,109195.594,107613.703,122961.219,133157.688
0.0304999999999999,108872.148,107607.656,122951.711,133472.406
0.0305999999999999,108621.344,107671.109,123126.047,133787.203
0.0306999999999999,108324.063,107646.398,123243.828,133901.406
0.0307999999999999,108091.93,107637.156,123244.172,133840.328
0.0308999999999999,107912.844,107619.477,123038.352,133519.203
0.0309999999999999,107803.797,107616.508,122870.008,132906.094
0.0310999999999999,107745.008,107609.82,122815.242,132039.641
0.0311999999999999,107748.047,107641.789,122879.922,131129.563
0.0312999999999999,107787.227,107685.32,123014.742,130354.75
0.0313999999999999,107846.211,107711.523,123230.43,129836.242
0.0314999999999999,107876.297,107688.391,123365.594,129561.18
0.0315999999999999,107976.688,107745.469,123402.203,129593.898
0.0316999999999999,108104.203,107822.508,123263.063,129818.813
0.0317999999999999,108260.32,107933.43,123050.211,130184.391
0.0318999999999999,108369.094,107982.883,122786.047,130566.867
0.0319999999999999,108489.219,108040.781,122598.563,131013.938
0.0320999999999999,108640.641,108138.398,122485.344,131517.984
0.0321999999999999,108790.688,108213.688,122362.727,132025.094
0.0322999999999999,108983.563,108317.57,122270.211,132593.906
0.0323999999999999,109164.617,108385.641,122207.313,133161.344
0.0324999999999999,109353.719,108453.594,122286.539,133725.438
0.0325999999999999,109526.289,108497.211,122477.367,134209.266
0.0326999999999999,109711.32,108547.469,122725.883,134595.094
0.0327999999999999,109890.797,108585.5,122843.141,134795.0
0.0328999999999999,110030.102,108573.656,122424.117,134713.063
0.0329999999999999,110159.422,108568.242,121915.656,134328.875
0.0330999999999999,110246.406,108533.602,122258.0,133639.953
0.0331999999999999,110304.797,108493.797,123840.352,132815.063
0.0332999999999999,110364.313,108482.313,124719.703,132076.406
0.0333999999999999,110365.359,108462.797,124017.391,131508.953
0.0334999999999999,110319.648,108453.617,122968.969,131193.875
0.0335999999999999,110220.641,108444.82,122366.719,131113.047
0.0336999999999999,110075.391,108454.109,122318.523,131265.656
0.0337999999999999,109843.07,108442.609,122699.07,131547.094
0.0338999999999999,109579.133,108452.367,123194.68,131930.516
0.0339999999999999,109281.469,108457.32,123530.281,132343.906
0.0340999999999999,108970.539,108466.344,123751.008,132780.313
0.0341999999999999,108636.219,108437.844,123976.648,133225.875
0.0342999999999999,108344.758,108428.594,124223.297,133735.625
0.0343999999999999,108123.18,108439.906,124427.219,134254.703
0.0344999999999999,107952.219,108433.688,124467.641,134689.156
0.0345999999999999,107833.0,108416.922,124434.852,134990.656
0.0346999999999999,107787.211,108418.453,124520.859,135159.172
0.0347999999999999,107764.617,108398.477,124699.68,135161.484
0.0348999999999999,107747.617,108349.281,124824.422,134969.906
0.0349999999999999,107797.688,108352.711,124860.969,134616.531
0.0350999999999999,107888.242,108390.18,124716.656,134068.078
0.0351999999999999,107977.281,108414.352,124441.703,133394.313
0.0352999999999999,108087.82,108452.68,124267.188,132791.234
0.0353999999999999,108226.117,108514.969,124306.172,132385.203
0.0354999999999999,108380.07,108588.852,124319.141,132180.625
0.0355999999999999,108528.898,108647.602,124088.5,132126.375
0.0356999999999999,108659.711,108675.906,123635.352,132182.906
0.0357999999999999,108829.578,108742.227,123266.891,132384.156
0.0358999999999999,109038.492,108846.867,123142.273,132690.141
0.0359999999999999,109242.063,108943.078,123106.367,133014.547
0.0360999999999999,109415.727,109001.141,123014.43,133327.094
0.0361999999999999,109601.047,109068.008,122866.313,133652.297
0.0362999999999999,109770.0,109116.82,122626.063,133953.547
0.0363999999999999,109912.742,109143.828,122287.422,134210.734
0.0364999999999999,110032.477,109152.711,121891.773,134410.375
0.0365999999999999,110163.938,109185.852,121586.078,134550.813
0.0366999999999999,110276.172,109215.617,121476.133,134584.344
0.0367999999999999,110359.273,109231.906,121717.422,134519.313
0.0368999999999999,110423.688,109254.828,122355.742,134355.625
0.0369999999999999,110445.922,109268.281,123082.328,134028.875
0.0370999999999999,110383.781,109236.367,123490.328,133488.688
0.0371999999999999,110254.898,109188.242,123592.531,132809.422
0.0372999999999999,110095.258,109175.172,123477.023,132188.109
0.0373999999999999,109889.594,109186.531,123231.43,131778.891
0.0374999999999999,109623.969,109194.188,123001.438,131602.531
0.0375999999999999,109294.156,109175.633,122799.531,131594.047
0.0376999999999999,108971.656,109193.219,122664.938,131744.594
0.0377999999999999,108650.352,109211.391,122563.039,131953.406
0.0378999999999999,108366.102,109254.422,122514.289,132191.531
0.0379999999999999,108127.953,109298.102,122489.461,132451.234
0.0380999999999999,107947.18,109338.539,122476.367,132728.688
0.0381999999999999,107828.992,109376.531,122478.398,133045.016
0.0382999999999999,107747.227,109387.797,122468.469,133389.484
0.0383999999999999,107744.797,109427.93,122484.594,133784.281
0.0384999999999999,107750.961,109427.039,122429.219,134136.344
0.0385999999999999,107763.359,109396.844,122298.367,134445.063
0.0386999999999999,107846.031,109386.992,122146.938,134707.844
0.0387999999999999,107940.547,109341.797,121934.539,134806.375
0.0388999999999999,108024.133,109260.719,121687.383,134714.172
0.0389999999999999,108157.117,109205.75,121508.398,134488.344
0.0390999999999999,108291.523,109134.102,121397.75,134132.953
0.0391999999999999,108436.422,109062.508,121309.367,133736.125
0.0392999999999999,108595.781,109002.93,121323.344,133383.578
0.0393999999999999,108768.281,108946.727,121475.891,133133.031
0.0394999999999999,108975.117,108922.633,121704.758,133034.359
0.0395999999999999,109146.211,108866.578,121833.703,133004.547
0.0396999999999999,109316.078,108816.977,121828.07,133059.688
0.0397999999999999,109486.008,108775.602,121679.203,133183.188
0.0398999999999999,109659.344,108745.406,121468.063,133356.984
0.0399999999999999,109830.359,108720.453,121413.852,133537.406
0.0400999999999999,109982.891,108676.867,121755.023,133708.578
0.0401999999999999,110093.289,108600.961,122518.992,133872.234
0.0402999999999999,110176.109,108505.578,123388.828,134057.375
0.0403999999999999,110290.57,108474.203,124057.719,134339.563
0.0404999999999999,110340.977,108400.492,124359.141,134576.797
0.0405999999999999,110335.922,108300.602,124584.281,134737.594
0.0406999999999999,110281.492,108200.492,124688.383,134776.172
0.0407999999999999,110212.992,108143.508,124790.648,134707.734
0.0408999999999999,110084.742,108086.789,124862.32,134485.125
0.0409999999999999,109863.531,108018.039,124941.547,134076.25
0.0410999999999999,109595.852,107964.602,125016.75,133549.891
0.0411999999999999,109317.047,107944.211,124963.656,133012.297
0.0412999999999999,108990.25,107906.781,124634.453,132513.844
0.0413999999999999,108664.992,107897.258,124076.492,132160.234
0.0414999999999999,108405.953,107969.688,123503.398,132002.578
0.0415999999999999,108207.844,108061.094,123003.578,131985.281
0.0416999999999999,107992.656,108084.188,122620.102,132010.219
0.0417999999999999,107828.469,108107.25,122392.109,132129.438
0.0418999999999999,107784.008,108216.172,122330.891,132401.438
0.0419999999999999,107751.688,108298.883,122319.656,132678.25
0.0420999999999999,107746.148,108392.0,122368.602,132980.344
0.0421999999999999,107743.977,108442.656,122399.969,133259.703
0.0422999999999999,107811.148,108521.789,122478.227,133576.047
0.0423999999999999,107932.0,108611.922,122647.453,133910.156
0.0424999999999999,108025.492,108638.57,122827.844,134162.109
0.0425999999999999,108146.906,108655.977,123105.813,134348.547
0.0426999999999999,108308.43,108682.438,123312.156,134458.016
0.0427999999999999,108445.539,108669.453,123471.859,134411.344
0.0428999999999999,108625.141,108678.531,123575.344,134237.016
0.0429999999999999,108793.703,108653.727,123633.141,133842.656
0.0430999999999999,108983.578,108648.039,123702.18,133320.875
0.0431999999999998,109169.273,108641.547,123770.492,132766.625
0.0432999999999999,109321.148,108579.617,123850.938,132279.422
0.0433999999999998,109511.039,108590.938,124050.906,132022.125
0.0434999999999999,109710.656,108597.477,124309.711,131949.469
0.0435999999999998,109917.023,108632.992,124577.438,132019.484
0.0436999999999999,110043.461,108591.383,124719.398,132097.016
0.0437999999999998,110138.102,108534.211,124793.047,132204.656
0.0438999999999998,110222.242,108501.711,124788.289,132345.156
0.0439999999999998,110310.898,108489.797,124663.711,132519.484
0.0440999999999998,110398.813,108502.023,124434.367,132723.688
0.0441999999999998,110392.469,108459.211,124103.297,132884.031
0.0442999999999998,110335.711,108414.688,123819.094,133063.953
0.0443999999999998,110256.656,108419.297,123695.969,133293.953
0.0444999999999998,110081.5,108373.672,123646.461,133450.344
0.0445999999999998,109866.242,108342.328,123737.602,133569.234
0.0446999999999998,109592.906,108301.992,123864.141,133586.891
0.0447999999999998,109256.57,108228.773,123921.172,133453.016
0.0448999999999998,108933.992,108183.023,123801.648,133186.594
0.0449999999999998,108614.383,108146.602,123377.07,132731.688
0.0450999999999998,108339.328,108131.172,122710.07,132141.578
0.0451999999999998,108065.992,108072.688,121955.461,131437.563
0.0452999999999998,107896.5,108085.25,121578.148,130881.75
0.0453999999999998,107778.289,108088.617,122065.633,130505.242
0.0454999999999998,107689.594,108072.18,123500.797,130319.68
0.0455999999999998,107651.844,108093.508,125316.211,130344.102
0.0456999999999998,107649.32,108117.109,126461.383,130518.719
0.0457999999999998,107672.32,108119.773,126309.961,130771.008
0.0458999999999998,107692.25,108096.18,125373.227,131039.328
0.0459999999999998,107775.242,108113.617,124552.406,131361.703
0.0460999999999998,107918.82,108157.211,124583.313,131721.156
0.0461999999999998,108032.219,108149.5,125161.719,132041.625
0.0462999999999998,108146.898,108118.813,125593.227,132378.094
0.0463999999999998,108311.531,108114.961,125601.922,132787.656
0.0464999999999998,108479.531,108106.328,125241.508,133198.109
0.0465999999999998,108669.117,108087.031,124723.742,133561.344
0.0466999999999998,108860.188,108042.391,124136.75,133794.766
0.0467999999999998,109060.852,108005.227,123607.406,133874.516
0.0468999999999998,109216.977,107907.508,123125.383,133702.125
0.0469999999999998,109402.273,107851.844,122794.422,133339.875
0.0470999999999998,109597.898,107815.313,122496.398,132800.844
0.0471999999999998,109773.281,107754.313,122057.703,132166.328
0.0472999999999998,109926.07,107693.617,121510.508,131600.406
0.0473999999999998,110055.477,107644.688,121059.297,131211.094
0.0474999999999998,110147.523,107582.547,120955.648,131023.906
0.0475999999999998,110218.742,107561.0,121475.227,131051.219
0.0476999999999998,110271.398,107572.539,122524.852,131246.938
0.0477999999999998,110289.383,107598.289,123261.203,131541.109
0.0478999999999998,110251.563,107606.633,122610.313,131875.563
0.0479999999999998,110135.938,107590.531,121349.531,132197.672
0.0480999999999998,109997.008,107620.43,120798.25,132562.266
0.0481999999999998,109810.578,107645.688,120942.438,132928.469
0.0482999999999998,109552.43,107640.281,121279.211,133257.156
0.0483999999999998,109195.328,107565.117,121639.727,133500.406
0.0484999999999998,108863.758,107558.32,122349.781,133760.797
0.0485999999999998,108602.258,107621.781,123282.07,134032.625
0.0486999999999998,108289.906,107597.289,124117.102,134159.563
0.0487999999999998,108039.172,107588.297,125018.352,134192.688
0.0488999999999998,107838.602,107571.828,125966.859,134024.641
0.0489999999999998,107706.391,107573.188,126759.18,133589.188
0.0490999999999998,107622.852,107575.141,127112.867,132875.688
0.0491999999999998,107599.969,107623.758,126770.297,132065.906
0.0492999999999998,107613.688,107694.773,125825.148,131322.375
0.0493999999999998,107649.539,107751.883,124667.844,130764.719
0.0494999999999998,107661.211,107760.023,123708.344,130391.844
0.0495999999999998,107750.063,107849.227,123213.453,130289.922
0.0496999999999998,107874.578,107956.078,123085.273,130373.141
0.0497999999999998,108036.422,108092.469,123115.023,130606.242
0.0498999999999998,108158.07,108164.508,123065.07,130850.031
0.0499999999999998,108295.648,108243.422,123050.141,131153.875
0.0500999999999998,108465.898,108362.188,123038.289,131558.203
0.0501999999999998,108632.68,108457.633,122924.563,132036.281
0.0502999999999998,108837.93,108580.359,122946.453,132618.766
0.0503999999999998,109026.867,108668.367,123014.781,133173.891
0.0504999999999998,109220.852,108751.258,123166.273,133657.422
0.0505999999999998,109395.617,108801.344,123179.711,134016.719
0.0506999999999998,109581.93,108856.648,122730.313,134259.797
0.0507999999999998,109763.617,108897.469,121425.438,134318.609
0.0508999999999998,109907.18,108884.539,119545.906,134137.203
0.0509999999999998,110043.289,108883.758,118261.023,133746.125
0.0510999999999998,110139.109,108858.844,118433.891,133160.656
0.0511999999999998,110207.5,108827.031,119480.422,132527.438
0.0512999999999998,110277.5,108826.922,120303.859,132030.453
0.0513999999999998,110287.594,108816.578,120260.344,131693.297
0.0514999999999998,110246.906,108804.203,119832.594,131555.297
0.0515999999999998,110147.523,108783.813,119578.18,131576.406
0.0516999999999998,109994.742,108768.109,119805.094,131741.594
0.0517999999999998,109749.453,108719.383,120345.656,131978.141
0.0518999999999998,109469.883,108694.281,120953.461,132298.688
0.0519999999999998,109156.992,108665.453,121524.258,132644.406
0.0520999999999998,108832.211,108638.43,122008.977,133006.422
0.0521999999999998,108487.133,108577.602,122422.328,133370.359
0.0522999999999998,108184.953,108537.258,122799.367,133821.344
0.0523999999999998,107952.172,108521.633,123076.797,134289.953
0.0524999999999998,107767.109,108506.047,123237.578,134663.563
0.0525999999999998,107630.148,108482.117,123280.031,134904.031
0.0526999999999998,107564.313,108471.328,123185.672,135042.938
0.0527999999999998,107519.883,108448.703,122881.523,135069.406
0.0528999999999998,107481.023,108383.133,122390.977,134954.234
0.0529999999999998,107511.383,108350.992,121827.133,134711.938
0.0530999999999998,107586.172,108340.133,121448.922,134313.188
0.0531999999999998,107664.352,108308.227,121509.313,133773.703
0.0532999999999998,107770.148,108287.906,121970.641,133238.75
0.0533999999999998,107910.43,108287.773,122457.922,132834.281
0.0534999999999998,108072.813,108308.992,122696.969,132605.641
0.0535999999999998,108234.32,108337.031,122739.797,132505.391
0.0536999999999998,108380.023,108344.969,122607.172,132460.688
0.0537999999999998,108565.422,108391.727,122442.781,132541.25
0.0538999999999998,108787.867,108488.93,122424.289,132737.469
0.0539999999999998,109002.289,108588.867,122673.648,132966.438
0.0540999999999998,109184.781,108660.859,123099.781,133212.516
0.0541999999999998,109377.172,108761.383,123445.703,133556.188
0.0542999999999998,109553.742,108859.008,123519.133,133997.313
0.0543999999999998,109702.383,108937.25,123309.25,134489.453
0.0544999999999998,109827.797,109002.844,122995.172,134966.703
0.0545999999999998,109965.922,109085.852,122877.719,135380.984
0.0546999999999998,110085.102,109154.133,122997.68,135608.016
0.0547999999999998,110174.961,109205.063,123244.852,135606.844
0.0548999999999998,110246.281,109255.477,123506.93,135379.906
0.0549999999999998,110275.531,109289.25,123674.938,134879.953
0.0550999999999998,110219.969,109273.617,123735.883,134117.875
0.0551999999999998,110099.172,109238.25,123740.758,133268.484
0.0552999999999998,109948.891,109229.844,123718.867,132551.344
0.0553999999999998,109754.156,109236.07,123643.922,132073.406
0.0554999999999998,109501.117,109229.727,123484.156,131838.578
0.0555999999999998,109184.133,109192.258,123227.023,131793.063
0.0556999999999998,108872.852,109188.961,122968.938,131932.938
0.0557999999999998,108559.828,109189.219,122702.609,132148.156
0.0558999999999998,108279.438,109220.43,122478.18,132435.703
0.0559999999999998,108037.438,109257.406,122320.102,132797.609
0.0560999999999998,107846.672,109295.867,122274.094,133211.313
0.0561999999999998,107712.641,109340.43,122352.75,133662.297
0.0562999999999998,107610.844,109364.461,122507.0,134111.734
0.0563999999999998,107588.797,109421.32,122740.391,134567.094
0.0564999999999998,107576.219,109438.031,122924.82,134915.547
0.0565999999999998,107570.891,109424.438,123044.5,135144.328
0.0566999999999998,107636.672,109427.406,123183.922,135282.969
0.0567999999999998,107717.0,109396.281,123360.422,135285.469
0.0568999999999998,107785.891,109327.297,123574.188,135130.188
0.0569999999999998,107905.797,109280.898,123833.141,134844.906
0.0570999999999998,108033.289,109214.172,124033.313,134397.922
0.0571999999999998,108177.781,109142.039,124166.641,133876.063
0.0572999999999998,108341.711,109073.43,124246.961,133402.656
0.0573999999999998,108521.727,109002.117,124307.461,133073.844
0.0574999999999998,108736.867,108958.852,124394.039,132971.703
0.0575999999999998,108916.391,108876.633,124413.43,132997.938
0.0576999999999998,109094.883,108800.57,124394.531,133136.453
0.0577999999999998,109274.813,108739.156,124336.461,133351.609
0.0578999999999998,109460.242,108689.781,124268.711,133599.5
0.0579999999999998,109643.688,108650.133,124195.844,133843.031
0.0580999999999998,109808.602,108604.992,124130.203,134072.781
0.0581999999999998,109932.461,108540.0,124033.211,134279.734
0.0582999999999998,110027.0,108460.344,123822.719,134489.047
0.0583999999999998,110152.117,108450.172,123678.211,134779.375
0.0584999999999998,110207.813,108399.188,123745.109,135060.797
0.0585999999999998,110199.977,108319.453,124299.758,135335.031
0.0586999999999998,110137.117,108235.367,125281.852,135533.813
0.0587999999999998,110055.523,108185.523,126150.039,135594.453
0.0588999999999998,109915.938,108128.133,126247.609,135423.031
0.0589999999999998,109691.227,108057.117,125493.031,134980.078
0.0590999999999998,109428.07,108004.992,124525.961,134360.969
0.0591999999999998,109158.242,107991.578,123927.18,133706.703
0.0592999999999998,108839.188,107964.898,123633.023,133107.734
0.0593999999999998,108516.008,107963.773,123464.781,132693.016
0.0594999999999998,108252.477,108044.023,123303.57,132519.875
0.0595999999999998,108045.0,108144.898,123115.617,132503.703
0.0596999999999998,107818.906,108176.656,122920.656,132514.578
0.0597999999999997,107643.883,108207.641,122787.813,132576.797
0.0598999999999998,107589.93,108328.641,122837.641,132744.609
0.0599999999999997,107548.32,108423.719,123036.227,132903.266
0.0600999999999998,107534.313,108527.289,123500.898,133103.5
0.0601999999999997,107523.133,108590.68,123923.063,133336.313
0.0602999999999997,107579.594,108687.617,124151.891,133671.5
0.0603999999999997,107686.297,108798.039,124285.352,134074.063
0.0604999999999997,107760.477,108845.594,124399.328,134420.047
0.0605999999999997,107858.258,108885.867,124617.078,134702.813
0.0606999999999997,107994.133,108936.117,124839.578,134879.484
0.0607999999999997,108105.953,108942.93,124867.047,134846.813
0.0608999999999997,108263.258,108965.953,124722.102,134642.016
0.0609999999999997,108413.75,108945.531,124388.188,134187.844
0.0610999999999997,108590.297,108938.148,123948.117,133601.438
0.0611999999999997,108768.398,108929.273,123414.609,132990.563
0.0612999999999997,108915.828,108864.094,122826.938,132445.359
0.0613999999999997,109104.039,108876.617,122458.43,132133.453
0.0614999999999997,109305.141,108889.703,122380.227,132021.0
0.0615999999999997,109514.492,108935.609,122583.313,132072.734
0.0616999999999997,109644.922,108905.617,122949.758,132156.203
0.0617999999999997,109744.859,108863.32,123443.039,132312.25
0.0618999999999997,109831.758,108849.289,123929.906,132544.063
0.0619999999999997,109922.531,108859.109,124244.0,132842.797
0.0620999999999997,110009.648,108892.781,124289.758,133177.016
0.0621999999999997,110002.383,108868.211,123960.156,133444.813
0.0622999999999997,109946.438,108833.078,123396.273,133690.078
0.0623999999999997,109880.063,108841.0,122745.906,133948.938
0.0624999999999997,109727.617,108790.813,122067.633,134111.844
0.0625999999999997,109541.547,108750.742,121431.297,134225.703
0.0626999999999997,109300.961,108701.438,120687.156,134231.938
0.0627999999999997,108997.148,108622.469,119734.633,134082.469
0.0628999999999997,108697.469,108572.344,118839.227,133785.172
0.0629999999999998,108391.367,108533.5,118420.891,133277.047
0.0630999999999998,108122.422,108515.211,119028.563,132621.453
0.0631999999999998,107850.328,108456.109,120423.367,131865.016
0.0632999999999998,107682.398,108470.633,121825.906,131273.531
0.0633999999999998,107567.852,108474.797,122702.281,130857.727
0.0634999999999998,107487.109,108457.609,122993.242,130616.039
0.0635999999999998,107459.797,108477.461,122966.039,130572.672
0.0636999999999998,107469.617,108501.383,122852.367,130678.063
0.0637999999999998,107500.844,108504.953,122751.148,130877.43
0.0638999999999998,107522.43,108484.398,122773.031,131122.688
0.0639999999999998,107596.859,108506.359,123550.359,131452.844
0.0640999999999998,107721.039,108554.953,125034.773,131848.125
0.0641999999999998,107805.727,108551.078,126084.703,132218.297
0.0642999999999998,107888.68,108524.242,126352.461,132602.313
0.0643999999999998,108020.461,108522.758,126058.844,133043.047
0.0644999999999998,108159.547,108517.852,125542.078,133471.266
0.0645999999999998,108322.367,108502.172,125193.969,133855.813
0.0646999999999998,108488.211,108461.406,125043.273,134133.063
0.0647999999999998,108666.133,108429.109,125042.211,134265.047
0.0648999999999998,108803.68,108336.859,125046.344,134109.688
0.0649999999999998,108972.5,108284.25,125137.383,133679.625
0.0650999999999998,109156.438,108247.977,125218.031,132978.547
0.0651999999999998,109324.813,108183.094,125185.5,132128.719
0.0652999999999998,109479.0,108117.242,125073.18,131381.828
0.0653999999999998,109613.922,108058.258,124914.023,130897.773
0.0654999999999998,109717.023,107983.547,124725.469,130695.18
0.0655999999999998,109804.242,107947.641,124531.781,130733.578
0.0656999999999998,109876.844,107942.578,124323.656,130930.688
0.0657999999999998,109915.773,107948.109,124050.602,131206.266
0.0658999999999998,109899.219,107933.531,123695.43,131497.828
0.0659999999999998,109804.758,107894.172,123312.758,131765.734
0.0660999999999998,109692.063,107905.508,123097.641,132076.875
0.0661999999999998,109537.602,107915.422,123101.422,132407.328
0.0662999999999998,109314.281,107896.07,123200.57,132727.141
0.0663999999999998,108989.992,107805.844,123214.297,132982.734
0.0664999999999999,108689.922,107783.352,123236.719,133280.25
0.0665999999999999,108455.523,107832.031,123389.797,133600.234
0.0666999999999999,108162.141,107789.328,123596.508,133738.188
0.0667999999999999,107923.297,107760.5,123899.039,133707.078
0.0668999999999999,107731.719,107721.609,124128.453,133408.234
0.0669999999999999,107604.703,107701.922,124247.633,132809.109
0.0670999999999999,107520.75,107678.867,124238.789,131969.563
0.0671999999999999,107495.563,107695.344,124110.43,131124.016
0.0672999999999999,107503.297,107738.461,123803.133,130447.5
0.0673999999999999,107524.406,107771.961,123410.227,130041.992
0.0674999999999999,107511.227,107753.289,123058.047,129858.352
0.0675999999999999,107568.508,107819.43,122919.18,129958.992
0.0676999999999999,107654.25,107908.297,122858.711,130224.469
0.0677999999999999,107774.063,108035.383,122812.742,130593.289
0.0678999999999999,107846.93,108102.078,122644.641,130927.148
0.0679999999999999,107935.492,108186.273,122435.969,131295.641
0.0680999999999999,108060.922,108317.492,122228.141,131678.844
0.0681999999999999,108188.547,108427.352,122014.508,131974.266
0.0682999999999999,108364.57,108573.969,121875.789,132224.797
0.0683999999999999,108533.156,108698.0,121743.75,132396.469
0.0684999999999999,108714.711,108828.398,121678.781,132574.047
0.0685999999999999,108881.383,108923.0,121688.297,132730.344
0.0686999999999999,109063.898,109021.711,121941.352,132874.047
0.0687999999999999,109249.078,109110.328,122398.211,132929.313
0.0688999999999999,109398.133,109129.68,122739.641,132748.609
0.0689999999999999,109549.898,109154.969,122632.828,132309.031
0.0690999999999999,109668.578,109144.273,121854.344,131612.422
0.0691999999999999,109766.82,109109.953,120561.953,130877.32
0.0692999999999999,109870.391,109099.438,119039.359,130349.883
0.0693999999999999,109919.078,109074.492,117728.391,130072.781
0.0694999999999999,109920.539,109037.5,116972.68,130058.844
0.0695999999999999,109864.43,108985.93,116732.391,130227.828
0.0696999999999999,109759.898,108938.688,116713.977,130509.344
0.0697999999999999,109572.93,108863.633,116475.703,130782.906
0.0698999999999999,109360.023,108822.313,115903.438,131049.102
0.07,109122.289,108795.461,115328.758,131313.344
0.0701,108879.93,108787.758,115522.289,131678.656
0.0702,108615.781,108760.609,116906.898,132105.406
0.0703,108386.0,108767.531,119120.492,132607.172
0.0704,108201.883,108791.203,121313.68,133123.625
0.0705,108032.219,108788.148,122878.906,133612.875
0.0706,107875.641,108773.078,123861.688,133992.969
0.0707,107759.273,108758.219,124396.344,134244.938
0.0708,107642.406,108697.281,124724.32,134289.266
0.0709,107517.0,108587.219,124970.602,134120.438
0.071,107454.523,108498.531,125202.063,133788.469
0.0711,107435.758,108429.938,125328.492,133292.625
0.0712,107419.211,108358.32,125242.828,132721.438
0.0713,107431.477,108307.523,124908.391,132286.188
0.0714,107483.852,108266.5,124277.094,132110.484
0.0715,107563.117,108216.617,123552.547,132160.703
0.0716,107653.359,108148.039,123491.594,132350.875
0.0717,107737.922,108044.383,124668.109,132590.109
0.0718,107874.0,107992.031,126310.242,132870.625
0.0719,108063.18,108003.406,126979.961,133160.844
0.072,108253.0,108009.797,126805.461,133405.734
